tracadora,pa_proc_id,nome_proc,registros,qtd_apr,valor_apr
TODAS,0604440014,"ALFADORNASE 2,5 MG (POR AMPOLA)",157594,3756895,0
TODAS,0301120048,ACOMPANHAMENTO DE PACIENTE COM HIPOTIREOIDISMO CONGENITO,118460,118216,3250940
TODAS,0604580029,PANCREATINA 25000 UI (POR CAPSULA),117048,31916479,61598804.46999534
TODAS,0604580010,PANCREATINA 10.000 UI (POR CAPSULA),84751,18835018,18458317.64000071
TODAS,0604060025,COMPLEMENTO ALIMENTAR P/ PACIENTE FENILCETONURICO MAIOR DE 1 ANO - FORMULA DE AMINOACIDOS ISENTA DE,83289,99310591,0
TODAS,0604810016,TOBRAMICINA 300MG/5 ML SOLUCAO INALATORIA (POR AMPOLA),42754,1067511,0
TODAS,0202110141,DOSAGEM DE CLORETO NO SUOR,35857,36502,5475300
TODAS,0604420013,"FLUDROCORTISONA 0,1 MG (POR COMPRIMIDO)",35084,1646163,0
TODAS,0302040021,ATENDIMENTO FISIOTERAPEUTICO EM PACIENTE COM TRANSTORNO RESPIRATORIO SEM COMPLICACOES SISTEMICAS,32292,53564,252962.10000015053
TODAS,0604540060,TAFAMIDIS 20 MG CAPSULA,31035,835604,0
TODAS,0604240031,IMIGLUCERASE 400 U INJETAVEL (POR FRASCO-AMPOLA),28544,350240,0
TODAS,0301120013,ACOMPANHAMENTO DE PACIENTE COM FENILCETONURIA,27974,28011,770302.5
TODAS,0604860021,Elexacaftor 100 mg/tezacaftor 50 mg/ivacaftor 75 mg + ivacaftor 150 mg (por comprimido revestido),25197,1803502,0
TODAS,0604560010,PENICILAMINA 250 MG (POR CAPSULA),23252,2068843,20960202.82000015
TODAS,0301010072,CONSULTA MEDICA EM ATENCAO ESPECIALIZADA,21507,21394,215611.91000000003
TODAS,0301120021,ACOMPANHAMENTO DE PACIENTE COM FIBROSE CISTICA,19527,19466,535315
TODAS,0301120064,ACOMPANHAMENTO EM SERVICO DE REFERENCIA EM TRIAGEM NEONATAL (SRTN) - HIPERPLASIA ADRENAL CONGENITA,13723,13710,377025
TODAS,0301010218,AVALIACAO CLINICA DE DIAGNOSTICO DE DOENCAS RARAS EIXO I: 3 - ERROS INATOS DE METABOLISMO,11156,6431,3858600
TODAS,0604240082,GALSULFASE 1 MG/ML SOLUCAO INJETAVEL (POR FRASCO AMPOLA DE 5 ML),10120,207322,0
TODAS,0301010196,AVALIACAO CLINICA PARA DIAGNOSTICO DE DOENCAS RARAS - EIXO I: 1-ANOMALIAS CONGENITAS OU DE MANI,9909,5711,4568800
TODAS,0604240023,ALFATALIGLICERASE 200 U INJETAVEL (POR FRASCO AMPOLA),9551,217121,0
TODAS,0604240074,IDURSULFASE ALFA 2 MG/ML SOLUCAO INJETAVEL (FRASCO DE 3 ML),9054,115632,0
TODAS,0301010315,TELECONSULTA POR PROFISSIONAIS DE NIVEL SUPERIOR NA ATENCAO ESPECIALIZADA (EXCETO MEDICO),7925,7885,49675.50000000514
TODAS,0604630077,TRIENTINA 250 MG (POR CAPSULA),6804,641748,0
TODAS,0604860030,[VERIFICAR nome SIGTAP],6610,444161,0
TODAS,0604240090,ALFAELOSULFASE 1 MG/ML SOLUCAO INJETAVEL (POR FRASCO AMPOLA DE 5 ML),6361,221019,0
TODAS,0604240066,"LARONIDASE 0,58 MG SOLUCAO INJETAVEL (FRASCO DE 5 ML)",5287,134743,0
TODAS,0301010048,CONSULTA DE PROFISSIONAIS DE NIVEL SUPERIOR NA ATENCAO ESPECIALIZADA (EXCETO MEDICO),4651,4810,31105.699999997792
TODAS,0202110036,DETECCAO MOLECULAR EM FIBROSE CISTICA (CONFIRMATORIO),4027,4027,265782
TODAS,0202080137,CULTURA PARA IDENTIFICACAO DE FUNGOS,3415,3426,14354.940000000404
Ciclo_ureia,0301010218,AVALIACAO CLINICA DE DIAGNOSTICO DE DOENCAS RARAS EIXO I: 3 - ERROS INATOS DE METABOLISMO,296,153,91800
Ciclo_ureia,0301010072,CONSULTA MEDICA EM ATENCAO ESPECIALIZADA,42,42,420
Ciclo_ureia,0205020054,ULTRASSONOGRAFIA DE APARELHO URINARIO,25,25,725.4000000000003
Ciclo_ureia,0202100154,DOSAGEM QUANTITATIVA DE AMINOACIDOS,21,21,0
Ciclo_ureia,0301060096,ATENDIMENTO MEDICO EM UNIDADE DE PRONTO ATENDIMENTO,15,15,165
Ciclo_ureia,0301060118,ACOLHIMENTO COM CLASSIFICACAO DE RISCO,13,13,0
Ciclo_ureia,0301070067,ATENDIMENTO / ACOMPANHAMENTO EM REABILITACAO NAS MULTIPLAS DEFICIENCIAS,13,14,107.93999999999997
Ciclo_ureia,0803010087,UNIDADE DE REMUNERACAO PARA DESLOCAMENTO DE PACIENTE POR TRANSPORTE AEREO (CADA 200 MILHAS),10,80,14520
Fibrose_cistica,0604440014,"ALFADORNASE 2,5 MG (POR AMPOLA)",157594,3756895,0
Fibrose_cistica,0604580029,PANCREATINA 25000 UI (POR CAPSULA),117048,31916479,61598804.46999534
Fibrose_cistica,0604580010,PANCREATINA 10.000 UI (POR CAPSULA),84751,18835018,18458317.64000071
Fibrose_cistica,0604810016,TOBRAMICINA 300MG/5 ML SOLUCAO INALATORIA (POR AMPOLA),42754,1067511,0
Fibrose_cistica,0202110141,DOSAGEM DE CLORETO NO SUOR,35857,36502,5475300
Fibrose_cistica,0302040021,ATENDIMENTO FISIOTERAPEUTICO EM PACIENTE COM TRANSTORNO RESPIRATORIO SEM COMPLICACOES SISTEMICAS,32292,53564,252962.10000015053
Fibrose_cistica,0604860021,Elexacaftor 100 mg/tezacaftor 50 mg/ivacaftor 75 mg + ivacaftor 150 mg (por comprimido revestido),25197,1803502,0
Fibrose_cistica,0301120021,ACOMPANHAMENTO DE PACIENTE COM FIBROSE CISTICA,19485,19424,534160
Galactosemia,0301010218,AVALIACAO CLINICA DE DIAGNOSTICO DE DOENCAS RARAS EIXO I: 3 - ERROS INATOS DE METABOLISMO,715,518,310800
Galactosemia,0301010048,CONSULTA DE PROFISSIONAIS DE NIVEL SUPERIOR NA ATENCAO ESPECIALIZADA (EXCETO MEDICO),101,98,617.4
Galactosemia,0301010072,CONSULTA MEDICA EM ATENCAO ESPECIALIZADA,85,85,850
Galactosemia,0205020046,ULTRASSONOGRAFIA DE ABDOMEN TOTAL,32,32,1250.2000000000007
Galactosemia,0301070067,ATENDIMENTO / ACOMPANHAMENTO EM REABILITACAO NAS MULTIPLAS DEFICIENCIAS,30,52,400.9199999999999
Galactosemia,0301010269,AVALIACAO DO CRESCIMENTO NA PUERICULTURA,16,16,0
Galactosemia,0301010277,AVALIACAO DO DESENVOLVIMENTO DA CRIANCA NA PUERICULTURA,12,13,0
Galactosemia,0204060028,DENSITOMETRIA OSSEA DUO-ENERGETICA DE COLUNA (VERTEBRAS LOMBARES E/OU FEMUR),11,11,606.1000000000001
Gaucher_Fabry_NPC,0604240031,IMIGLUCERASE 400 U INJETAVEL (POR FRASCO-AMPOLA),28544,350240,0
Gaucher_Fabry_NPC,0604240023,ALFATALIGLICERASE 200 U INJETAVEL (POR FRASCO AMPOLA),9551,217121,0
Gaucher_Fabry_NPC,0604630018,MIGLUSTATE 100 MG (POR CAPSULA),1360,102771,0
Gaucher_Fabry_NPC,0301010218,AVALIACAO CLINICA DE DIAGNOSTICO DE DOENCAS RARAS EIXO I: 3 - ERROS INATOS DE METABOLISMO,1188,628,376800
Gaucher_Fabry_NPC,0604240058,ALFAVELAGLICERASE 400 U INJETAVEL (POR FRASCO AMPOLA),623,7090,0
Gaucher_Fabry_NPC,0301010072,CONSULTA MEDICA EM ATENCAO ESPECIALIZADA,603,599,6033.610000000001
Gaucher_Fabry_NPC,0604240120,[VERIFICAR nome SIGTAP],521,3132,0
Gaucher_Fabry_NPC,0301100012,ADMINISTRACAO DE MEDICAMENTOS NA ATENCAO ESPECIALIZADA.,394,388,244.43999999999883
HAC,0604420013,"FLUDROCORTISONA 0,1 MG (POR COMPRIMIDO)",35084,1646163,0
HAC,0301120064,ACOMPANHAMENTO EM SERVICO DE REFERENCIA EM TRIAGEM NEONATAL (SRTN) - HIPERPLASIA ADRENAL CONGENITA,13723,13710,377025
HAC,0604120010,CIPROTERONA 50 MG (POR COMPRIMIDO),2893,51430,67373.29999999938
HAC,0301010072,CONSULTA MEDICA EM ATENCAO ESPECIALIZADA,2745,2733,27413.61
HAC,0301010315,TELECONSULTA POR PROFISSIONAIS DE NIVEL SUPERIOR NA ATENCAO ESPECIALIZADA (EXCETO MEDICO),903,881,5550.30000000009
HAC,0202110125,DETECCAO MOLECULAR DE MUTACAO EM HIPERPLASIA ADRENAL CONGENITA,443,443,29238
HAC,0301010048,CONSULTA DE PROFISSIONAIS DE NIVEL SUPERIOR NA ATENCAO ESPECIALIZADA (EXCETO MEDICO),401,401,2526.3000000000034
HAC,0301010307,TELECONSULTA MEDICA NA ATENCAO ESPECIALIZADA,345,345,3450
Hipotireoidismo_cong,0301120048,ACOMPANHAMENTO DE PACIENTE COM HIPOTIREOIDISMO CONGENITO,118460,118216,3250940
Hipotireoidismo_cong,0301010072,CONSULTA MEDICA EM ATENCAO ESPECIALIZADA,8550,8509,85340.83
Hipotireoidismo_cong,0301010315,TELECONSULTA POR PROFISSIONAIS DE NIVEL SUPERIOR NA ATENCAO ESPECIALIZADA (EXCETO MEDICO),2594,2582,16266.599999999235
Hipotireoidismo_cong,0205020127,ULTRASSONOGRAFIA DE TIREOIDE,2253,2135,55277.59999999868
Hipotireoidismo_cong,0301010307,TELECONSULTA MEDICA NA ATENCAO ESPECIALIZADA,1499,1499,14990
Hipotireoidismo_cong,0301010048,CONSULTA DE PROFISSIONAIS DE NIVEL SUPERIOR NA ATENCAO ESPECIALIZADA (EXCETO MEDICO),866,866,5455.8000000000875
Hipotireoidismo_cong,0301010064,CONSULTA MEDICA EM ATENCAO PRIMARIA,311,318,0
Hipotireoidismo_cong,0803010125,UNIDADE DE REMUNERACAO PARA DESLOCAMENTO DE PACIENTE POR TRANSPORTE TERRESTRE (CADA 50 KM ),166,6385,31640.95000000003
Homocistinuria,0301010218,AVALIACAO CLINICA DE DIAGNOSTICO DE DOENCAS RARAS EIXO I: 3 - ERROS INATOS DE METABOLISMO,174,93,55800
Homocistinuria,0301010048,CONSULTA DE PROFISSIONAIS DE NIVEL SUPERIOR NA ATENCAO ESPECIALIZADA (EXCETO MEDICO),19,19,119.69999999999996
Homocistinuria,0202100154,DOSAGEM QUANTITATIVA DE AMINOACIDOS,18,17,0
Homocistinuria,0301010072,CONSULTA MEDICA EM ATENCAO ESPECIALIZADA,15,14,140
Homocistinuria,0301070067,ATENDIMENTO / ACOMPANHAMENTO EM REABILITACAO NAS MULTIPLAS DEFICIENCIAS,6,6,46.26
Lesch_Nyhan,0301070067,ATENDIMENTO / ACOMPANHAMENTO EM REABILITACAO NAS MULTIPLAS DEFICIENCIAS,51,45,346.9499999999999
Lesch_Nyhan,0211030040,AVALIACAO DE FUNCAO E MECANICA RESPIRATORIA,14,14,140
Lesch_Nyhan,0301010315,TELECONSULTA POR PROFISSIONAIS DE NIVEL SUPERIOR NA ATENCAO ESPECIALIZADA (EXCETO MEDICO),13,13,81.89999999999998
Lesch_Nyhan,0301010048,CONSULTA DE PROFISSIONAIS DE NIVEL SUPERIOR NA ATENCAO ESPECIALIZADA (EXCETO MEDICO),10,9,56.699999999999996
Lesch_Nyhan,0301010072,CONSULTA MEDICA EM ATENCAO ESPECIALIZADA,10,10,100
Lesch_Nyhan,0309050030,SESSAO DE ELETROESTIMULACAO,6,0,0
Lesch_Nyhan,0309050057,SESSAO DE MASSOTERAPIA,6,44,0
MPS_I,0604240066,"LARONIDASE 0,58 MG SOLUCAO INJETAVEL (FRASCO DE 5 ML)",5287,134743,0
MPS_I,0301010218,AVALIACAO CLINICA DE DIAGNOSTICO DE DOENCAS RARAS EIXO I: 3 - ERROS INATOS DE METABOLISMO,378,209,125400
MPS_I,0701020237,ORTESE SUROPODALICA SEM ARTICULACAO EM POLIPROPILENO (INFANTIL),250,250,32500
MPS_I,0701020253,ORTESE SUROPODALICA UNILATERAL ARTICULADA EM POLIPROPILENO (ADULTO),131,131,26200
MPS_I,0701020210,ORTESE SUROPODALICA ARTICULADA EM POLIPROPILENO INFANTIL,120,120,19152
MPS_I,0301010072,CONSULTA MEDICA EM ATENCAO ESPECIALIZADA,119,119,1190
MPS_I,0701020075,ORTESE CRUROMALEOLAR PARA LIMITACAO DOS MOVIMENTOS DO JOELHO,116,116,15080
MPS_I,0701020229,ORTESE SUROPODALICA SEM ARTICULACAO EM POLIPROPILENO (ADULTO),116,116,20949.599999999984
MPS_II,0604240074,IDURSULFASE ALFA 2 MG/ML SOLUCAO INJETAVEL (FRASCO DE 3 ML),9054,115632,0
MPS_II,0301010218,AVALIACAO CLINICA DE DIAGNOSTICO DE DOENCAS RARAS EIXO I: 3 - ERROS INATOS DE METABOLISMO,611,309,185400
MPS_II,0301010072,CONSULTA MEDICA EM ATENCAO ESPECIALIZADA,268,264,2720
MPS_II,0301070067,ATENDIMENTO / ACOMPANHAMENTO EM REABILITACAO NAS MULTIPLAS DEFICIENCIAS,191,356,2744.760000000006
MPS_II,0301010048,CONSULTA DE PROFISSIONAIS DE NIVEL SUPERIOR NA ATENCAO ESPECIALIZADA (EXCETO MEDICO),168,172,1083.5999999999972
MPS_II,0301040044,TERAPIA INDIVIDUAL,60,61,171.41000000000008
MPS_II,0701020075,ORTESE CRUROMALEOLAR PARA LIMITACAO DOS MOVIMENTOS DO JOELHO,47,47,6110
MPS_II,0301060061,ATENDIMENTO DE URGENCIA EM ATENCAO ESPECIALIZADA,28,28,308
MPS_outras,0604240082,GALSULFASE 1 MG/ML SOLUCAO INJETAVEL (POR FRASCO AMPOLA DE 5 ML),10120,207322,0
MPS_outras,0604240090,ALFAELOSULFASE 1 MG/ML SOLUCAO INJETAVEL (POR FRASCO AMPOLA DE 5 ML),6361,221019,0
MPS_outras,0301010218,AVALIACAO CLINICA DE DIAGNOSTICO DE DOENCAS RARAS EIXO I: 3 - ERROS INATOS DE METABOLISMO,1065,650,390000
MPS_outras,0301010072,CONSULTA MEDICA EM ATENCAO ESPECIALIZADA,385,373,3730
MPS_outras,0604240112,ALFAVESTRONIDASE 10 MG SOLUCAO INJETAVEL (FRASCOCOM 5ML),344,6477,0
MPS_outras,0301100012,ADMINISTRACAO DE MEDICAMENTOS NA ATENCAO ESPECIALIZADA.,241,235,148.04999999999953
MPS_outras,0301070067,ATENDIMENTO / ACOMPANHAMENTO EM REABILITACAO NAS MULTIPLAS DEFICIENCIAS,223,233,1796.430000000005
MPS_outras,0803010028,AJUDA DE CUSTO PARA ALIMENTACAO DE PACIENTE SEM PERNOITE,156,156,1310.4000000000012
MSUD,0301010218,AVALIACAO CLINICA DE DIAGNOSTICO DE DOENCAS RARAS EIXO I: 3 - ERROS INATOS DE METABOLISMO,292,133,79800
MSUD,0301010048,CONSULTA DE PROFISSIONAIS DE NIVEL SUPERIOR NA ATENCAO ESPECIALIZADA (EXCETO MEDICO),105,104,655.1999999999996
MSUD,0301010072,CONSULTA MEDICA EM ATENCAO ESPECIALIZADA,44,44,440
MSUD,0202100154,DOSAGEM QUANTITATIVA DE AMINOACIDOS,39,37,0
MSUD,0301070067,ATENDIMENTO / ACOMPANHAMENTO EM REABILITACAO NAS MULTIPLAS DEFICIENCIAS,30,38,292.9799999999999
MSUD,0803010087,UNIDADE DE REMUNERACAO PARA DESLOCAMENTO DE PACIENTE POR TRANSPORTE AEREO (CADA 200 MILHAS),25,392,71148
MSUD,0803010010,AJUDA DE CUSTO P/ ALIMENTACAO/PERNOITE DE PACIENTE,22,174,4306.5
MSUD,0803010125,UNIDADE DE REMUNERACAO PARA DESLOCAMENTO DE PACIENTE POR TRANSPORTE TERRESTRE (CADA 50 KM ),21,344,1702.8000000000009
PAF_TTR,0604540060,TAFAMIDIS 20 MG CAPSULA,31035,835604,0
PAF_TTR,0301010196,AVALIACAO CLINICA PARA DIAGNOSTICO DE DOENCAS RARAS - EIXO I: 1-ANOMALIAS CONGENITAS OU DE MANI,432,321,256800
PAF_TTR,0301010072,CONSULTA MEDICA EM ATENCAO ESPECIALIZADA,83,83,830
PAF_TTR,0301070067,ATENDIMENTO / ACOMPANHAMENTO EM REABILITACAO NAS MULTIPLAS DEFICIENCIAS,57,56,431.75999999999965
PAF_TTR,0207010064,RESSONANCIA MAGNETICA DE CRANIO,48,48,12900
PAF_TTR,0205010032,ECOCARDIOGRAFIA TRANSTORACICA,45,45,2886.1800000000003
PAF_TTR,0205010040,ULTRASSONOGRAFIA DOPPLER COLORIDO DE VASOS,30,61,2415.5999999999995
PAF_TTR,0203020030,EXAME ANATOMO-PATOLOGICO PARA CONGELAMENTO / PARAFINA POR PECA CIRURGICA OU POR BIOPSIA (EXCETO COL,26,37,1508.8599999999997
PKU,0604060025,COMPLEMENTO ALIMENTAR P/ PACIENTE FENILCETONURICO MAIOR DE 1 ANO - FORMULA DE AMINOACIDOS ISENTA DE,83289,99310591,0
PKU,0301120013,ACOMPANHAMENTO DE PACIENTE COM FENILCETONURIA,27974,28011,770302.5
PKU,0604630069,SAPROPTERINA 100 MG (POR COMPRIMIDO),2902,437830,47557094.60000006
PKU,0604060017,COMPLEMENTO ALIMENTAR P/ PACIENTE FENILCETONURICO MENOR DE 1 ANO - FORMULA DE AMINOACIDOS ISENTA DE,2823,1450932,0
PKU,0301010218,AVALIACAO CLINICA DE DIAGNOSTICO DE DOENCAS RARAS EIXO I: 3 - ERROS INATOS DE METABOLISMO,997,879,527400
PKU,0301010315,TELECONSULTA POR PROFISSIONAIS DE NIVEL SUPERIOR NA ATENCAO ESPECIALIZADA (EXCETO MEDICO),866,865,5449.500000000087
PKU,0301010072,CONSULTA MEDICA EM ATENCAO ESPECIALIZADA,644,642,6420
PKU,0301010048,CONSULTA DE PROFISSIONAIS DE NIVEL SUPERIOR NA ATENCAO ESPECIALIZADA (EXCETO MEDICO),540,539,3395.7000000000285
Pompe,0604240104,ALFA-ALGLICOSIDASE 50 MG PO LIOFILIZADO PARA SOLUCAO INJETAVEL,2016,72204,0
Pompe,0301010218,AVALIACAO CLINICA DE DIAGNOSTICO DE DOENCAS RARAS EIXO I: 3 - ERROS INATOS DE METABOLISMO,1022,577,346200
Pompe,0301010072,CONSULTA MEDICA EM ATENCAO ESPECIALIZADA,384,382,3820
Pompe,0301010048,CONSULTA DE PROFISSIONAIS DE NIVEL SUPERIOR NA ATENCAO ESPECIALIZADA (EXCETO MEDICO),255,249,1568.699999999993
Pompe,0301050031,ASSISTENCIA DOMICILIAR POR EQUIPE MULTIPROFISSIONAL NA ATENCAO ESPECIALIZADA,181,181,3310.489999999995
Pompe,0301100195,ADMINISTRACAO DE MEDICAMENTOS POR VIA ENDOVENOSA,85,85,0
Pompe,0301060118,ACOLHIMENTO COM CLASSIFICACAO DE RISCO,59,53,0
Pompe,0205020046,ULTRASSONOGRAFIA DE ABDOMEN TOTAL,58,56,2125.200000000001
Tay-Sachs,0301010218,AVALIACAO CLINICA DE DIAGNOSTICO DE DOENCAS RARAS EIXO I: 3 - ERROS INATOS DE METABOLISMO,93,47,28200
Tay-Sachs,0301010072,CONSULTA MEDICA EM ATENCAO ESPECIALIZADA,75,75,750
Tay-Sachs,0301060029,ATENDIMENTO DE URGENCIA C/ OBSERVACAO ATE 24 HORAS EM ATENCAO ESPECIALIZADA,58,58,723.260000000001
Tay-Sachs,0301010307,TELECONSULTA MEDICA NA ATENCAO ESPECIALIZADA,25,25,250
Tay-Sachs,0204060168,RADIOGRAFIA DE PERNA,20,20,178.79999999999998
Tay-Sachs,0301070067,ATENDIMENTO / ACOMPANHAMENTO EM REABILITACAO NAS MULTIPLAS DEFICIENCIAS,20,20,154.2
Tay-Sachs,0301010048,CONSULTA DE PROFISSIONAIS DE NIVEL SUPERIOR NA ATENCAO ESPECIALIZADA (EXCETO MEDICO),16,16,100.79999999999997
Tay-Sachs,0204060150,RADIOGRAFIA DE PE / DEDOS DO PE,14,15,101.7
Tirosinemia,0301010218,AVALIACAO CLINICA DE DIAGNOSTICO DE DOENCAS RARAS EIXO I: 3 - ERROS INATOS DE METABOLISMO,345,206,123600
Tirosinemia,0301010072,CONSULTA MEDICA EM ATENCAO ESPECIALIZADA,108,108,1080
Tirosinemia,0202100154,DOSAGEM QUANTITATIVA DE AMINOACIDOS,29,29,0
Tirosinemia,0301010048,CONSULTA DE PROFISSIONAIS DE NIVEL SUPERIOR NA ATENCAO ESPECIALIZADA (EXCETO MEDICO),24,24,151.2
Tirosinemia,0301060061,ATENDIMENTO DE URGENCIA EM ATENCAO ESPECIALIZADA,24,24,264
Tirosinemia,0803010010,AJUDA DE CUSTO P/ ALIMENTACAO/PERNOITE DE PACIENTE,24,417,10704.220000000001
Tirosinemia,0301070067,ATENDIMENTO / ACOMPANHAMENTO EM REABILITACAO NAS MULTIPLAS DEFICIENCIAS,13,13,100.22999999999998
Tirosinemia,0205020127,ULTRASSONOGRAFIA DE TIREOIDE,12,12,290.3999999999999
Wilson,0604560010,PENICILAMINA 250 MG (POR CAPSULA),23252,2068843,20960202.82000015
Wilson,0604630077,TRIENTINA 250 MG (POR CAPSULA),6804,641748,0
Wilson,0301010218,AVALIACAO CLINICA DE DIAGNOSTICO DE DOENCAS RARAS EIXO I: 3 - ERROS INATOS DE METABOLISMO,398,156,93600
Wilson,0306020041,SANGRIA TERAPEUTICA,378,277,1299.130000000009
Wilson,0301010072,CONSULTA MEDICA EM ATENCAO ESPECIALIZADA,241,239,2390
Wilson,0301040044,TERAPIA INDIVIDUAL,98,98,275.38000000000017
Wilson,0205020046,ULTRASSONOGRAFIA DE ABDOMEN TOTAL,67,67,2542.649999999999
Wilson,0301070067,ATENDIMENTO / ACOMPANHAMENTO EM REABILITACAO NAS MULTIPLAS DEFICIENCIAS,60,60,462.59999999999957
